epoch,time,train/box_loss,train/cls_loss,train/dfl_loss,metrics/precision(B),metrics/recall(B),metrics/mAP50(B),metrics/mAP50-95(B),val/box_loss,val/cls_loss,val/dfl_loss,lr/pg0,lr/pg1,lr/pg2
1,6.40499,1.33759,3.85148,1.41587,0.00226,0.67857,0.18702,0.10083,0.95278,3.8536,1.33831,2e-05,2e-05,2e-05
2,12.9693,1.36152,3.99901,1.43457,0.0025,0.75,0.32111,0.1941,0.83491,3.75709,1.24078,5.406e-05,5.406e-05,5.406e-05
3,19.7518,1.03107,3.54151,1.21399,0.00274,0.82143,0.37389,0.27775,0.78378,3.66898,1.13505,8.02e-05,8.02e-05,8.02e-05
4,26.2935,0.90246,3.20739,1.13362,0.00286,0.85714,0.40546,0.3213,0.79932,3.63872,1.0971,9.842e-05,9.842e-05,9.842e-05
5,32.8984,0.69285,2.69711,1.04122,0.00286,0.85714,0.41957,0.30945,0.86069,3.59377,1.088,0.00010872,0.00010872,0.00010872
6,39.5028,0.60304,2.50018,0.95575,0.00286,0.85714,0.44645,0.37768,0.80819,3.54428,1.07354,0.0001111,0.0001111,0.0001111
7,46.023,0.57211,2.41231,0.97357,0.0031,0.92857,0.49843,0.42285,0.79842,3.49658,1.06504,0.00010556,0.00010556,0.00010556
8,52.6309,0.58967,2.0869,0.93929,0.00333,1,0.57964,0.47651,0.76917,3.46411,1.03594,9.21e-05,9.21e-05,9.21e-05
9,59.0927,0.61078,2.04633,0.95007,0.00333,1,0.57879,0.48224,0.75172,3.44703,1.02039,7.072e-05,7.072e-05,7.072e-05
10,65.4021,0.55574,1.99854,0.90395,0.00333,1,0.5788,0.49018,0.74107,3.43317,1.00832,4.142e-05,4.142e-05,4.142e-05
